{"credit":"Made with Blockbench","texture_size":[32,32],"textures":{"0":"ruby_vol_1_pack:ruby_vol_1_pack/spear_ruby_vol_1","particle":"ruby_vol_1_pack:ruby_vol_1_pack/spear_ruby_vol_1"},"elements":[{"from":[7.25,-9.43973,7.29617],"to":[8.75,17.56027,8.79617],"rotation":{"angle":0,"axis":"y","origin":[8,8,8]},"faces":{"north":{"uv":[3,0,4,13.5],"texture":"#0"},"east":{"uv":[0,0,1,13.5],"texture":"#0"},"south":{"uv":[1,0,2,13.5],"texture":"#0"},"west":{"uv":[2,0,3,13.5],"texture":"#0"},"up":{"uv":[12,1.5,11,0.5],"rotation":90,"texture":"#0"},"down":{"uv":[12,1.5,11,2.5],"rotation":270,"texture":"#0"}}},{"from":[6.75,16.56027,6.54617],"to":[9.25,17.56027,9.54617],"rotation":{"angle":0,"axis":"y","origin":[8,8,8]},"faces":{"north":{"uv":[12,5,13.5,5.5],"texture":"#0"},"east":{"uv":[12,3.5,13.5,4],"texture":"#0"},"south":{"uv":[12,4,13.5,4.5],"texture":"#0"},"west":{"uv":[12,4.5,13.5,5],"texture":"#0"},"up":{"uv":[5.5,3.5,4,2],"rotation":90,"texture":"#0"},"down":{"uv":[5.5,3.5,4,5],"rotation":270,"texture":"#0"}}},{"from":[6.5,12.23211,0.83318],"to":[9.5,15.23211,3.83318],"rotation":{"angle":45,"axis":"x","origin":[8,8,8]},"faces":{"north":{"uv":[4,6.5,5.5,8],"texture":"#0"},"east":{"uv":[5.5,3.5,7,5],"texture":"#0"},"south":{"uv":[5.5,5,7,6.5],"texture":"#0"},"west":{"uv":[6.5,0,8,1.5],"texture":"#0"},"up":{"uv":[7,8,5.5,6.5],"rotation":90,"texture":"#0"},"down":{"uv":[8.5,1.5,7,3],"rotation":270,"texture":"#0"}}},{"from":[7,11.45972,11.52501],"to":[9,13.45972,13.52501],"rotation":{"angle":-45,"axis":"x","origin":[8,8,8]},"faces":{"north":{"uv":[11,9.5,12,10.5],"texture":"#0"},"east":{"uv":[11,6.5,12,7.5],"texture":"#0"},"south":{"uv":[11,7.5,12,8.5],"texture":"#0"},"west":{"uv":[11,8.5,12,9.5],"texture":"#0"},"up":{"uv":[11,12,10,11],"rotation":90,"texture":"#0"},"down":{"uv":[12,11,11,12],"rotation":270,"texture":"#0"}}},{"from":[7.5,16.20972,16.27501],"to":[8.5,17.45972,17.52501],"rotation":{"angle":-45,"axis":"x","origin":[8,8,8]},"faces":{"north":{"uv":[14.5,1.5,15,2],"texture":"#0"},"east":{"uv":[14.5,0.5,15,1],"texture":"#0"},"south":{"uv":[14.5,1,15,1.5],"texture":"#0"},"west":{"uv":[1.5,14.5,2,15],"texture":"#0"},"up":{"uv":[2.5,15,2,14.5],"rotation":90,"texture":"#0"},"down":{"uv":[3,14.5,2.5,15],"rotation":270,"texture":"#0"}}},{"from":[7.25,16.45972,16.52501],"to":[8.75,17.20972,17.27501],"rotation":{"angle":-45,"axis":"x","origin":[8,8,8]},"faces":{"north":{"uv":[0.5,13.5,1.5,14],"texture":"#0"},"east":{"uv":[3,14.5,3.5,15],"texture":"#0"},"south":{"uv":[13.5,0,14.5,0.5],"texture":"#0"},"west":{"uv":[3.5,14.5,4,15],"texture":"#0"},"up":{"uv":[14,1.5,13.5,0.5],"rotation":90,"texture":"#0"},"down":{"uv":[2,13.5,1.5,14.5],"rotation":270,"texture":"#0"}}},{"from":[7,16.66027,6.04617],"to":[9,17.41027,10.04617],"rotation":{"angle":0,"axis":"y","origin":[8,8,8]},"faces":{"north":{"uv":[14,13,15,13.5],"texture":"#0"},"east":{"uv":[12,2.5,14,3],"texture":"#0"},"south":{"uv":[14,3,15,3.5],"texture":"#0"},"west":{"uv":[12,3,14,3.5],"texture":"#0"},"up":{"uv":[8,9,6,8],"rotation":90,"texture":"#0"},"down":{"uv":[10,8,8,9],"rotation":270,"texture":"#0"}}},{"from":[7.25,15.91027,5.54617],"to":[8.75,16.66027,10.54617],"rotation":{"angle":0,"axis":"y","origin":[8,8,8]},"faces":{"north":{"uv":[14,13.5,15,14],"texture":"#0"},"east":{"uv":[10,10.5,12.5,11],"texture":"#0"},"south":{"uv":[13.5,14,14.5,14.5],"texture":"#0"},"west":{"uv":[11,0,13.5,0.5],"texture":"#0"},"up":{"uv":[6.5,1,4,0],"rotation":90,"texture":"#0"},"down":{"uv":[6.5,1,4,2],"rotation":270,"texture":"#0"}}},{"from":[7,17.56027,6.54617],"to":[9,18.81027,9.54617],"rotation":{"angle":0,"axis":"y","origin":[8,8,8]},"faces":{"north":{"uv":[13,2,14,2.5],"texture":"#0"},"east":{"uv":[12,5.5,13.5,6],"texture":"#0"},"south":{"uv":[9,7.5,10,8],"texture":"#0"},"west":{"uv":[6,12,7.5,12.5],"texture":"#0"},"up":{"uv":[10,2,8.5,1],"rotation":90,"texture":"#0"},"down":{"uv":[10,2,8.5,3],"rotation":270,"texture":"#0"}}},{"from":[6.5,-9.43973,6.54617],"to":[9.5,-8.43973,9.54617],"rotation":{"angle":0,"axis":"y","origin":[8,8,8]},"faces":{"north":{"uv":[7.5,12,9,12.5],"texture":"#0"},"east":{"uv":[12,6,13.5,6.5],"texture":"#0"},"south":{"uv":[12,6.5,13.5,7],"texture":"#0"},"west":{"uv":[12,7,13.5,7.5],"texture":"#0"},"up":{"uv":[5.5,6.5,4,5],"rotation":90,"texture":"#0"},"down":{"uv":[7,2,5.5,3.5],"rotation":270,"texture":"#0"}}},{"from":[-5.18531,-5.18531,6.79617],"to":[-3.93531,-3.93531,9.29617],"rotation":{"angle":45,"axis":"z","origin":[8,8,8]},"faces":{"north":{"uv":[8,1,8.5,1.5],"texture":"#0"},"east":{"uv":[12,7.5,13.5,8],"texture":"#0"},"south":{"uv":[6.5,1.5,7,2],"texture":"#0"},"west":{"uv":[12,8,13.5,8.5],"texture":"#0"},"up":{"uv":[13.5,9,12,8.5],"rotation":90,"texture":"#0"},"down":{"uv":[10.5,12,9,12.5],"rotation":270,"texture":"#0"}}},{"from":[6.75,-5.15266,19.96795],"to":[9.25,-3.90266,21.21795],"rotation":{"angle":45,"axis":"x","origin":[8,8,8]},"faces":{"north":{"uv":[12,9.5,13.5,10],"texture":"#0"},"east":{"uv":[12,10,12.5,10.5],"texture":"#0"},"south":{"uv":[12,9,13.5,9.5],"texture":"#0"},"west":{"uv":[12.5,14,13,14.5],"texture":"#0"},"up":{"uv":[11,13.5,10.5,12],"rotation":90,"texture":"#0"},"down":{"uv":[11.5,12,11,13.5],"rotation":270,"texture":"#0"}}},{"from":[-4.7282,-4.7282,6.29617],"to":[-3.2282,-3.2282,9.79617],"rotation":{"angle":45,"axis":"z","origin":[8,8,8]},"faces":{"north":{"uv":[11,3.5,12,4.5],"texture":"#0"},"east":{"uv":[7,3,9,4],"texture":"#0"},"south":{"uv":[11,2.5,12,3.5],"texture":"#0"},"west":{"uv":[7,4,9,5],"texture":"#0"},"up":{"uv":[9,6,7,5],"rotation":90,"texture":"#0"},"down":{"uv":[9,6,7,7],"rotation":270,"texture":"#0"}}},{"from":[6.25,-4.69555,19.26085],"to":[9.75,-3.19555,20.76085],"rotation":{"angle":45,"axis":"x","origin":[8,8,8]},"faces":{"north":{"uv":[8,0,10,1],"texture":"#0"},"east":{"uv":[11,4.5,12,5.5],"texture":"#0"},"south":{"uv":[7,7,9,8],"texture":"#0"},"west":{"uv":[11,5.5,12,6.5],"texture":"#0"},"up":{"uv":[5,10,4,8],"rotation":90,"texture":"#0"},"down":{"uv":[6,8,5,10],"rotation":270,"texture":"#0"}}},{"from":[7.75,24.76296,6.15314],"to":[8.25,26.76296,6.90314],"rotation":{"angle":0,"axis":"y","origin":[8,8,8]},"faces":{"north":{"uv":[10.5,13.5,11,14.5],"texture":"#0"},"east":{"uv":[13.5,8,14,9],"texture":"#0"},"south":{"uv":[13.5,9,14,10],"texture":"#0"},"west":{"uv":[13.5,10,14,11],"texture":"#0"},"up":{"uv":[15,8,14.5,7.5],"rotation":90,"texture":"#0"},"down":{"uv":[15,8,14.5,8.5],"rotation":270,"texture":"#0"}}},{"from":[7.475,24.06263,6.60856],"to":[8.525,25.46263,7.13356],"rotation":{"angle":0,"axis":"y","origin":[8,8,8]},"faces":{"north":{"uv":[15,2,15.5,2.5],"texture":"#0"},"east":{"uv":[1.5,15,2,15.5],"texture":"#0"},"south":{"uv":[15,1.5,15.5,2],"texture":"#0"},"west":{"uv":[2,15,2.5,15.5],"texture":"#0"},"up":{"uv":[3,15.5,2.5,15],"rotation":90,"texture":"#0"},"down":{"uv":[15.5,2.5,15,3],"rotation":270,"texture":"#0"}}},{"from":[7.475,22.10653,0.08254],"to":[8.525,23.50653,0.60754],"rotation":{"angle":22.5,"axis":"x","origin":[8,8,8]},"faces":{"north":{"uv":[15,0.5,15.5,1],"texture":"#0"},"east":{"uv":[0,15,0.5,15.5],"texture":"#0"},"south":{"uv":[15,0,15.5,0.5],"texture":"#0"},"west":{"uv":[0.5,15,1,15.5],"texture":"#0"},"up":{"uv":[1.5,15.5,1,15],"rotation":90,"texture":"#0"},"down":{"uv":[15.5,1,15,1.5],"rotation":270,"texture":"#0"}}},{"from":[7.75,22.49318,-0.81409],"to":[8.25,24.49318,-0.06409],"rotation":{"angle":22.5,"axis":"x","origin":[8,8,8]},"faces":{"north":{"uv":[0,13.5,0.5,14.5],"texture":"#0"},"east":{"uv":[13,11.5,13.5,12.5],"texture":"#0"},"south":{"uv":[12.5,13,13,14],"texture":"#0"},"west":{"uv":[13,12.5,13.5,13.5],"texture":"#0"},"up":{"uv":[0.5,15,0,14.5],"rotation":90,"texture":"#0"},"down":{"uv":[15,0,14.5,0.5],"rotation":270,"texture":"#0"}}},{"from":[7.475,21.96263,6.08356],"to":[8.525,24.06263,7.13356],"rotation":{"angle":0,"axis":"y","origin":[8,8,8]},"faces":{"north":{"uv":[10,14,10.5,15],"texture":"#0"},"east":{"uv":[9,14,9.5,15],"texture":"#0"},"south":{"uv":[14,9,14.5,10],"texture":"#0"},"west":{"uv":[9.5,14,10,15],"texture":"#0"},"up":{"uv":[12,15,11.5,14.5],"rotation":90,"texture":"#0"},"down":{"uv":[15,11.5,14.5,12],"rotation":270,"texture":"#0"}}},{"from":[7.75,21.76296,5.40314],"to":[8.25,24.76296,6.90314],"rotation":{"angle":0,"axis":"y","origin":[8,8,8]},"faces":{"north":{"uv":[8.5,12.5,9,14],"texture":"#0"},"east":{"uv":[9,9,10,10.5],"texture":"#0"},"south":{"uv":[8,12.5,8.5,14],"texture":"#0"},"west":{"uv":[10,0,11,1.5],"texture":"#0"},"up":{"uv":[14.5,7.5,13.5,7],"rotation":90,"texture":"#0"},"down":{"uv":[14.5,7.5,13.5,8],"rotation":270,"texture":"#0"}}},{"from":[7.3,18.46821,0.80625],"to":[8.7,20.56821,1.85625],"rotation":{"angle":22.5,"axis":"x","origin":[8,8,8]},"faces":{"north":{"uv":[8.5,14,9,15],"texture":"#0"},"east":{"uv":[7.5,14,8,15],"texture":"#0"},"south":{"uv":[8,14,8.5,15],"texture":"#0"},"west":{"uv":[14,8,14.5,9],"texture":"#0"},"up":{"uv":[11.5,15,11,14.5],"rotation":90,"texture":"#0"},"down":{"uv":[15,11,14.5,11.5],"rotation":270,"texture":"#0"}}},{"from":[7.5,17.29556,0.21978],"to":[8.5,20.29556,1.71978],"rotation":{"angle":22.5,"axis":"x","origin":[8,8,8]},"faces":{"north":{"uv":[7.5,12.5,8,14],"texture":"#0"},"east":{"uv":[7,9,8,10.5],"texture":"#0"},"south":{"uv":[7,12.5,7.5,14],"texture":"#0"},"west":{"uv":[8,9,9,10.5],"texture":"#0"},"up":{"uv":[14.5,6.5,13.5,6],"rotation":90,"texture":"#0"},"down":{"uv":[14.5,6.5,13.5,7],"rotation":270,"texture":"#0"}}},{"from":[7.125,17.3889,10.31539],"to":[8.875,20.4889,11.36539],"rotation":{"angle":-22.5,"axis":"x","origin":[8,8,8]},"faces":{"north":{"uv":[7,10.5,8,12],"texture":"#0"},"east":{"uv":[12.5,11.5,13,13],"texture":"#0"},"south":{"uv":[6,10.5,7,12],"texture":"#0"},"west":{"uv":[12,12.5,12.5,14],"texture":"#0"},"up":{"uv":[1.5,15,1,14],"rotation":90,"texture":"#0"},"down":{"uv":[4.5,14,4,15],"rotation":270,"texture":"#0"}}},{"from":[7.25,17.07441,9.07151],"to":[8.75,20.07441,10.57151],"rotation":{"angle":-22.5,"axis":"x","origin":[8,8,8]},"faces":{"north":{"uv":[9,6,10,7.5],"texture":"#0"},"east":{"uv":[9,3,10,4.5],"texture":"#0"},"south":{"uv":[9,4.5,10,6],"texture":"#0"},"west":{"uv":[6,9,7,10.5],"texture":"#0"},"up":{"uv":[5,12.5,4,11.5],"rotation":90,"texture":"#0"},"down":{"uv":[6,11.5,5,12.5],"rotation":270,"texture":"#0"}}},{"from":[7.75,16.86137,11.43384],"to":[8.25,17.86137,13.43384],"rotation":{"angle":-45,"axis":"x","origin":[8,8,8]},"faces":{"north":{"uv":[14.5,6,15,6.5],"texture":"#0"},"east":{"uv":[13.5,1.5,14.5,2],"texture":"#0"},"south":{"uv":[14.5,5.5,15,6],"texture":"#0"},"west":{"uv":[2,13.5,3,14],"texture":"#0"},"up":{"uv":[4,14,3,13.5],"rotation":90,"texture":"#0"},"down":{"uv":[14.5,3.5,13.5,4],"rotation":270,"texture":"#0"}}},{"from":[7.5,13.794,0.96873],"to":[8.5,16.794,1.96873],"rotation":{"angle":22.5,"axis":"x","origin":[8,8,8]},"faces":{"north":{"uv":[4.5,12.5,5,14],"texture":"#0"},"east":{"uv":[12,11,12.5,12.5],"texture":"#0"},"south":{"uv":[11.5,12,12,13.5],"texture":"#0"},"west":{"uv":[4,12.5,4.5,14],"texture":"#0"},"up":{"uv":[15,4,14.5,3.5],"rotation":90,"texture":"#0"},"down":{"uv":[15,4,14.5,4.5],"rotation":270,"texture":"#0"}}},{"from":[7.475,24.06263,8.95878],"to":[8.525,25.46263,9.48378],"rotation":{"angle":0,"axis":"y","origin":[8,8,8]},"faces":{"north":{"uv":[15,3.5,15.5,4],"texture":"#0"},"east":{"uv":[3,15,3.5,15.5],"texture":"#0"},"south":{"uv":[15,3,15.5,3.5],"texture":"#0"},"west":{"uv":[3.5,15,4,15.5],"texture":"#0"},"up":{"uv":[4.5,15.5,4,15],"rotation":90,"texture":"#0"},"down":{"uv":[15.5,4,15,4.5],"rotation":270,"texture":"#0"}}},{"from":[7.75,24.76296,9.09687],"to":[8.25,26.76296,9.84687],"rotation":{"angle":0,"axis":"y","origin":[8,8,8]},"faces":{"north":{"uv":[14,0.5,14.5,1.5],"texture":"#0"},"east":{"uv":[13,13.5,13.5,14.5],"texture":"#0"},"south":{"uv":[13.5,13,14,14],"texture":"#0"},"west":{"uv":[0.5,14,1,15],"texture":"#0"},"up":{"uv":[15,10,14.5,9.5],"rotation":90,"texture":"#0"},"down":{"uv":[15,10,14.5,10.5],"rotation":270,"texture":"#0"}}},{"from":[7.75,22.49317,16.06409],"to":[8.25,24.49317,16.81409],"rotation":{"angle":-22.5,"axis":"x","origin":[8,8,8]},"faces":{"north":{"uv":[13.5,12,14,13],"texture":"#0"},"east":{"uv":[11,13.5,11.5,14.5],"texture":"#0"},"south":{"uv":[13.5,11,14,12],"texture":"#0"},"west":{"uv":[11.5,13.5,12,14.5],"texture":"#0"},"up":{"uv":[15,9,14.5,8.5],"rotation":90,"texture":"#0"},"down":{"uv":[15,9,14.5,9.5],"rotation":270,"texture":"#0"}}},{"from":[7.475,22.0712,15.47777],"to":[8.525,23.4712,16.00277],"rotation":{"angle":-22.5,"axis":"x","origin":[8,8,8]},"faces":{"north":{"uv":[14,14.5,14.5,15],"texture":"#0"},"east":{"uv":[14.5,12.5,15,13],"texture":"#0"},"south":{"uv":[13,14.5,13.5,15],"texture":"#0"},"west":{"uv":[13.5,14.5,14,15],"texture":"#0"},"up":{"uv":[15,14.5,14.5,14],"rotation":90,"texture":"#0"},"down":{"uv":[15,14.5,14.5,15],"rotation":270,"texture":"#0"}}},{"from":[7.75,21.76296,9.09687],"to":[8.25,24.76296,10.59687],"rotation":{"angle":0,"axis":"y","origin":[8,8,8]},"faces":{"north":{"uv":[9.5,12.5,10,14],"texture":"#0"},"east":{"uv":[10,1.5,11,3],"texture":"#0"},"south":{"uv":[9,12.5,9.5,14],"texture":"#0"},"west":{"uv":[10,3,11,4.5],"texture":"#0"},"up":{"uv":[3,14.5,2,14],"rotation":90,"texture":"#0"},"down":{"uv":[15,2,14,2.5],"rotation":270,"texture":"#0"}}},{"from":[7.475,21.96263,8.95878],"to":[8.525,24.06263,10.00878],"rotation":{"angle":0,"axis":"y","origin":[8,8,8]},"faces":{"north":{"uv":[14,12,14.5,13],"texture":"#0"},"east":{"uv":[14,10,14.5,11],"texture":"#0"},"south":{"uv":[14,11,14.5,12],"texture":"#0"},"west":{"uv":[12,14,12.5,15],"texture":"#0"},"up":{"uv":[15,12.5,14.5,12],"rotation":90,"texture":"#0"},"down":{"uv":[13,14.5,12.5,15],"rotation":270,"texture":"#0"}}},{"from":[7.5,17.29556,14.28023],"to":[8.5,20.29556,15.78023],"rotation":{"angle":-22.5,"axis":"x","origin":[8,8,8]},"faces":{"north":{"uv":[12.5,10,13,11.5],"texture":"#0"},"east":{"uv":[4,10,5,11.5],"texture":"#0"},"south":{"uv":[10,12.5,10.5,14],"texture":"#0"},"west":{"uv":[10,4.5,11,6],"texture":"#0"},"up":{"uv":[15,3,14,2.5],"rotation":90,"texture":"#0"},"down":{"uv":[4,14,3,14.5],"rotation":270,"texture":"#0"}}},{"from":[7.3,18.43287,14.22906],"to":[8.7,20.53287,15.27906],"rotation":{"angle":-22.5,"axis":"x","origin":[8,8,8]},"faces":{"north":{"uv":[7,14,7.5,15],"texture":"#0"},"east":{"uv":[5.5,14,6,15],"texture":"#0"},"south":{"uv":[6,14,6.5,15],"texture":"#0"},"west":{"uv":[6.5,14,7,15],"texture":"#0"},"up":{"uv":[11,15,10.5,14.5],"rotation":90,"texture":"#0"},"down":{"uv":[15,10.5,14.5,11],"rotation":270,"texture":"#0"}}},{"from":[7.75,16.86137,2.56616],"to":[8.25,17.86137,4.56616],"rotation":{"angle":45,"axis":"x","origin":[8,8,8]},"faces":{"north":{"uv":[14.5,7,15,7.5],"texture":"#0"},"east":{"uv":[13.5,4,14.5,4.5],"texture":"#0"},"south":{"uv":[14.5,6.5,15,7],"texture":"#0"},"west":{"uv":[13.5,4.5,14.5,5],"texture":"#0"},"up":{"uv":[14.5,5.5,13.5,5],"rotation":90,"texture":"#0"},"down":{"uv":[14.5,5.5,13.5,6],"rotation":270,"texture":"#0"}}},{"from":[7.5,13.794,14.03127],"to":[8.5,16.794,15.03127],"rotation":{"angle":-22.5,"axis":"x","origin":[8,8,8]},"faces":{"north":{"uv":[6.5,12.5,7,14],"texture":"#0"},"east":{"uv":[5,12.5,5.5,14],"texture":"#0"},"south":{"uv":[5.5,12.5,6,14],"texture":"#0"},"west":{"uv":[6,12.5,6.5,14],"texture":"#0"},"up":{"uv":[15,5,14.5,4.5],"rotation":90,"texture":"#0"},"down":{"uv":[15,5,14.5,5.5],"rotation":270,"texture":"#0"}}},{"from":[7.25,17.07441,5.42849],"to":[8.75,20.07441,6.92849],"rotation":{"angle":22.5,"axis":"x","origin":[8,8,8]},"faces":{"north":{"uv":[10,9,11,10.5],"texture":"#0"},"east":{"uv":[5,10,6,11.5],"texture":"#0"},"south":{"uv":[10,6,11,7.5],"texture":"#0"},"west":{"uv":[10,7.5,11,9],"texture":"#0"},"up":{"uv":[13,1.5,12,0.5],"rotation":90,"texture":"#0"},"down":{"uv":[13,1.5,12,2.5],"rotation":270,"texture":"#0"}}},{"from":[7.125,17.42423,4.71992],"to":[8.875,20.52423,5.76992],"rotation":{"angle":22.5,"axis":"x","origin":[8,8,8]},"faces":{"north":{"uv":[9,10.5,10,12],"texture":"#0"},"east":{"uv":[13,0.5,13.5,2],"texture":"#0"},"south":{"uv":[8,10.5,9,12],"texture":"#0"},"west":{"uv":[13,10,13.5,11.5],"texture":"#0"},"up":{"uv":[5,15,4.5,14],"rotation":90,"texture":"#0"},"down":{"uv":[5.5,14,5,15],"rotation":270,"texture":"#0"}}}],"gui_light":"front","display":{"thirdperson_righthand":{"rotation":[9.5,0,0],"translation":[0,3.75,1.5]},"thirdperson_lefthand":{"rotation":[9.5,0,0],"translation":[0,3.75,1.5]},"firstperson_righthand":{"rotation":[-10.5,-0.48,3.97],"translation":[2.5,1.75,0],"scale":[0.62695,0.77148,0.77148]},"firstperson_lefthand":{"rotation":[-10.5,-0.48,3.97],"translation":[2.5,1.75,0],"scale":[0.62695,0.77148,0.77148]},"ground":{"rotation":[0,0,70],"translation":[0,0,0.75],"scale":[0.58594,0.58594,0.58594]},"gui":{"rotation":[90,45,-90],"translation":[0,-0.25,0],"scale":[0.49727,0.49727,0.49727]},"head":{"rotation":[-90,59.25,90],"translation":[0,18.25,0],"scale":[0.75781,0.75781,0.75781]},"fixed":{"rotation":[0,90,0],"translation":[0,2.5,-1.5],"scale":[1.71875,1.71875,1.71875]}},"mcmodels":"b6c35f0cd887d090a6b8f08c7f82a391"}